Id,LLM,Date,Test Smell,Language,Project,URL,Method,Test Code,Line Count,1° - Detected smell?,1° - Do you agree with detection?,1° - Refactored code,1° -  LLM - Is there still a test smell?,2° - Detected smell?,2° - Do you agree with detection?,3° - Detected smell?,3° - Do you agree with detection?,2° - Refactored code,2° -  LLM - Is there still a test smell?
91,gemma4:31b,2026-06-11,Duplicate Assert,Java,https://github.com/JanusGraph/janusgraph,https://raw.githubusercontent.com/JanusGraph/janusgraph/master/janusgraph-test/src/test/java/org/janusgraph/graphdb/configuration/TinkerpopFeaturesTest.java,testVertexFeatures,"    @Test
    public void testVertexFeatures()
    {
        Graph.Features.VertexFeatures vf = graph.features().vertex();
        assertFalse(vf.supportsCustomIds());
        assertFalse(vf.supportsStringIds());
        assertFalse(vf.supportsUuidIds());
        assertFalse(vf.supportsAnyIds());
        assertFalse(vf.supportsCustomIds());
        assertTrue(vf.supportsNumericIds());
        assertFalse(vf.supportsUserSuppliedIds());

        graph.close();
        graph = open(true);

        vf = graph.features().vertex();

        assertFalse(vf.supportsCustomIds());
        assertFalse(vf.supportsStringIds());
        assertFalse(vf.supportsUuidIds());
        assertFalse(vf.supportsAnyIds());
        assertFalse(vf.supportsCustomIds());
        assertTrue(vf.supportsNumericIds());
        assertTrue(vf.supportsUserSuppliedIds());
    }",25,YES,YES,"```java
@Test
public void testVertexFeaturesDefault() {
    Graph.Features.VertexFeatures vf = graph.features().vertex();
    assertFalse(vf.supportsCustomIds());
    assertFalse(vf.supportsStringIds());
    assertFalse(vf.supportsUuidIds());
    assertFalse(vf.supportsAnyIds());
    assertTrue(vf.supportsNumericIds());
    assertFalse(vf.supportsUserSuppliedIds());
}

@Test
public void testVertexFeaturesAfterOpen() {
    graph.close();
    graph = open(true);
    Graph.Features.VertexFeatures vf = graph.features().vertex();
    assertFalse(vf.supportsCustomIds());
    assertFalse(vf.supportsStringIds());
    assertFalse(vf.supportsUuidIds());
    assertFalse(vf.supportsAnyIds());
    assertTrue(vf.supportsNumericIds());
    assertTrue(vf.supportsUserSuppliedIds());
}
```",NO,,,,,,
92,gemma4:31b,2026-06-11,Duplicate Assert,Java,https://github.com/JanusGraph/janusgraph,https://raw.githubusercontent.com/JanusGraph/janusgraph/master/janusgraph-test/src/test/java/org/janusgraph/graphdb/idmanagement/VertexIDAssignerTest.java,testDisableIdsFlush,"    @Test
    public void testDisableIdsFlush() {
        final JanusGraph graph = getInMemoryGraph(false, false, false, 2);
        JanusGraphVertex v1 = graph.addVertex();
        JanusGraphVertex v2 = graph.addVertex();
        Edge e = v1.addEdge(""knows"", v2);
        e.property(""prop"", ""old"");
        graph.tx().commit();
        assertEquals(""old"", graph.traversal().E().next().property(""prop"").value());
        assertEquals(1, (long) graph.traversal().E().count().next());
        Object id = graph.traversal().E().next().id();

        // VertexIDAssigner shouldn't assign a new id if the edge is an existing one
        e = graph.traversal().E().next();
        e.property(""prop"", ""new"");
        graph.tx().commit();
        assertEquals(""new"", graph.traversal().E().next().property(""prop"").value());
        assertEquals(1, (long) graph.traversal().E().count().next());
        assertEquals(id, graph.traversal().E().next().id());
    }",20,YES,YES,"```java
@Test
public void testDisableIdsFlushInitial() {
    final JanusGraph graph = getInMemoryGraph(false, false, false, 2);
    JanusGraphVertex v1 = graph.addVertex();
    JanusGraphVertex v2 = graph.addVertex();
    Edge e = v1.addEdge(""knows"", v2);
    e.property(""prop"", ""old"");
    graph.tx().commit();
    assertEquals(""old"", graph.traversal().E().next().property(""prop"").value());
    assertEquals(1, (long) graph.traversal().E().count().next());
}

@Test
public void testDisableIdsFlushUpdate() {
    final JanusGraph graph = getInMemoryGraph(false, false, false, 2);
    JanusGraphVertex v1 = graph.addVertex();
    JanusGraphVertex v2 = graph.addVertex();
    Edge e = v1.addEdge(""knows"", v2);
    e.property(""prop"", ""old"");
    graph.tx().commit();
    Object id = graph.traversal().E().next().id();

    // VertexIDAssigner shouldn't assign a new id if the edge is an existing one
    e = graph.traversal().E().next();
    e.property(""prop"", ""new"");
    graph.tx().commit();
    assertEquals(""new"", graph.traversal().E().next().property(""prop"").value());
    assertEquals(1, (long) graph.traversal().E().count().next());
    assertEquals(id, graph.traversal().E().next().id());
}
```",NO,,,,,,
93,gemma4:31b,2026-06-11,Duplicate Assert,Java,https://github.com/JanusGraph/janusgraph,https://raw.githubusercontent.com/JanusGraph/janusgraph/master/janusgraph-backend-testutils/src/main/java/org/janusgraph/diskstorage/KeyColumnValueStoreTest.java,testOrderedGetKeysRespectsKeyLimit,"    public void testOrderedGetKeysRespectsKeyLimit(TestInfo testInfo) throws BackendException {
        Preconditions.checkState(4 <= numKeys && 4 <= numColumns);

        final long minKey = KeyValueStoreUtil.idOffset + 1;
        final long maxKey = KeyValueStoreUtil.idOffset + numKeys - 2;
        final long expectedKeyCount = maxKey - minKey;

        String[][] values = generateValues();
        loadValues(values);
        final SliceQuery columnSlice = new SliceQuery(BufferUtil.zeroBuffer(8), BufferUtil.oneBuffer(8)).setLimit(1);

        KeyIterator keys;

        keys = store.getKeys(new KeyRangeQuery(BufferUtil.getLongBuffer(minKey), BufferUtil.getLongBuffer(maxKey), columnSlice), tx);
        assertEquals(expectedKeyCount, KeyValueStoreUtil.count(keys));

        clopen();

        keys = store.getKeys(new KeyRangeQuery(BufferUtil.getLongBuffer(minKey), BufferUtil.getLongBuffer(maxKey), columnSlice), tx);
        assertEquals(expectedKeyCount, KeyValueStoreUtil.count(keys));
    }",21,YES,YES,"```java
@Test
public void testOrderedGetKeysRespectsKeyLimit(TestInfo testInfo) throws BackendException {
        Preconditions.checkState(4 <= numKeys && 4 <= numColumns);

        final long minKey = KeyValueStoreUtil.idOffset + 1;
        final long maxKey = KeyValueStoreUtil.idOffset + numKeys - 2;
        final long expectedKeyCount = maxKey - minKey;

        String[][] values = generateValues();
        loadValues(values);
        final SliceQuery columnSlice = new SliceQuery(BufferUtil.zeroBuffer(8), BufferUtil.oneBuffer(8)).setLimit(1);

        KeyIterator keys = store.getKeys(new KeyRangeQuery(BufferUtil.getLongBuffer(minKey), BufferUtil.getLongBuffer(maxKey), columnSlice), tx);
        assertEquals(expectedKeyCount, KeyValueStoreUtil.count(keys));
    }

@Test
public void testOrderedGetKeysRespectsKeyLimitAfterClopen(TestInfo testInfo) throws BackendException {
        Preconditions.checkState(4 <= numKeys && 4 <= numColumns);

        final long minKey = KeyValueStoreUtil.idOffset + 1;
        final long maxKey = KeyValueStoreUtil.idOffset + numKeys - 2;
        final long expectedKeyCount = maxKey - minKey;

        String[][] values = generateValues();
        loadValues(values);
        final SliceQuery columnSlice = new SliceQuery(BufferUtil.zeroBuffer(8), BufferUtil.oneBuffer(8)).setLimit(1);

        clopen();

        KeyIterator keys = store.getKeys(new KeyRangeQuery(BufferUtil.getLongBuffer(minKey), BufferUtil.getLongBuffer(maxKey), columnSlice), tx);
        assertEquals(expectedKeyCount, KeyValueStoreUtil.count(keys));
    }
```",NO,,,,,,
94,gemma4:31b,2026-06-11,Duplicate Assert,Java,https://github.com/JanusGraph/janusgraph,https://raw.githubusercontent.com/JanusGraph/janusgraph/master/janusgraph-backend-testutils/src/main/java/org/janusgraph/diskstorage/KeyColumnValueStoreTest.java,testGetKeysColumnSlicesSimple,"    public void testGetKeysColumnSlicesSimple()
        throws BackendException {

        final int shiftEveryNthRows = 10;
        final int expectedKeyCount = numKeys / shiftEveryNthRows * (shiftEveryNthRows - 1);

        Preconditions.checkArgument(0 == numKeys % shiftEveryNthRows);
        Preconditions.checkArgument(10 < numKeys / shiftEveryNthRows);

        String[][] values = generateValues();
        loadValues(values, shiftEveryNthRows, 4);

        RecordIterator<StaticBuffer> i;
        i = KCVSUtil.getKeys(store, storeFeatures(), 8, 4, tx);
        assertEquals(expectedKeyCount, KeyValueStoreUtil.count(i));

        clopen();

        i = KCVSUtil.getKeys(store, storeFeatures(), 8, 4, tx);
        assertEquals(expectedKeyCount, KeyValueStoreUtil.count(i));

    }",22,YES,YES,"```java
@Test
public void testGetKeysColumnSlicesSimple() throws BackendException {
    final int shiftEveryNthRows = 10;
    final int expectedKeyCount = numKeys / shiftEveryNthRows * (shiftEveryNthRows - 1);

    Preconditions.checkArgument(0 == numKeys % shiftEveryNthRows);
    Preconditions.checkArgument(10 < numKeys / shiftEveryNthRows);

    String[][] values = generateValues();
    loadValues(values, shiftEveryNthRows, 4);

    RecordIterator<StaticBuffer> i = KCVSUtil.getKeys(store, storeFeatures(), 8, 4, tx);
    assertEquals(expectedKeyCount, KeyValueStoreUtil.count(i));
}

@Test
public void testGetKeysColumnSlicesAfterClopen() throws BackendException {
    final int shiftEveryNthRows = 10;
    final int expectedKeyCount = numKeys / shiftEveryNthRows * (shiftEveryNthRows - 1);

    Preconditions.checkArgument(0 == numKeys % shiftEveryNthRows);
    Preconditions.checkArgument(10 < numKeys / shiftEveryNthRows);

    String[][] values = generateValues();
    loadValues(values, shiftEveryNthRows, 4);

    clopen();

    RecordIterator<StaticBuffer> i = KCVSUtil.getKeys(store, storeFeatures(), 8, 4, tx);
    assertEquals(expectedKeyCount, KeyValueStoreUtil.count(i));
}
```",NO,,,,,,
95,gemma4:31b,2026-06-11,Duplicate Assert,Java,https://github.com/JanusGraph/janusgraph,https://raw.githubusercontent.com/JanusGraph/janusgraph/master/janusgraph-test/src/test/java/org/janusgraph/graphdb/query/QueryTest.java,testMultipleKeysQuery,"    @Test
    public void testMultipleKeysQuery() {
        tx.makePropertyKey(""name"").dataType(String.class).make();
        tx.addVertex(""name"",""vertex1"");
        tx.addVertex(""name"",""vertex2"");
        tx.addVertex(""name"",""vertex3"");

        int found = Iterators.size(tx.query().has(""name"", Contain.IN, Collections.singletonList(""vertex1"")).vertices().iterator());
        assertEquals(1, found);

        found = Iterators.size(tx.query().has(""name"", Contain.IN, Arrays.asList(""vertex1"", ""vertex2"")).vertices().iterator());
        assertEquals(2, found);

        found = Iterators.size(tx.query().has(""name"", Contain.IN, Arrays.asList(""vertex1"", ""vertex2"", ""vertex3"")).vertices().iterator());
        assertEquals(3, found);

        found = Iterators.size(tx.query().has(""name"", Contain.IN, Arrays.asList(""vertex1"", ""vertex2"", ""vertex3"", ""vertex4"")).vertices().iterator());
        assertEquals(3, found);

        int limit = 2;
        found = Iterators.size(tx.query().has(""name"", Contain.IN, Arrays.asList(""vertex1"", ""vertex2"", ""vertex3"", ""vertex4"")).limit(limit).vertices().iterator());
        assertEquals(limit, found);
    }",23,YES,YES,"```java
@Test
public void testQuerySingleKey() {
    tx.makePropertyKey(""name"").dataType(String.class).make();
    tx.addVertex(""name"", ""vertex1"");
    tx.addVertex(""name"", ""vertex2"");
    tx.addVertex(""name"", ""vertex3"");

    int found = Iterators.size(tx.query().has(""name"", Contain.IN, Collections.singletonList(""vertex1"")).vertices().iterator());
    assertEquals(1, found);
}

@Test
public void testQueryTwoKeys() {
    tx.makePropertyKey(""name"").dataType(String.class).make();
    tx.addVertex(""name"", ""vertex1"");
    tx.addVertex(""name"", ""vertex2"");
    tx.addVertex(""name"", ""vertex3"");

    int found = Iterators.size(tx.query().has(""name"", Contain.IN, Arrays.asList(""vertex1"", ""vertex2"")).vertices().iterator());
    assertEquals(2, found);
}

@Test
public void testQueryThreeKeys() {
    tx.makePropertyKey(""name"").dataType(String.class).make();
    tx.addVertex(""name"", ""vertex1"");
    tx.addVertex(""name"", ""vertex2"");
    tx.addVertex(""name"", ""vertex3"");

    int found = Iterators.size(tx.query().has(""name"", Contain.IN, Arrays.asList(""vertex1"", ""vertex2"", ""vertex3"")).vertices().iterator());
    assertEquals(3, found);
}

@Test
public void testQueryFourKeysWithThreeExisting() {
    tx.makePropertyKey(""name"").dataType(String.class).make();
    tx.addVertex(""name"", ""vertex1"");
    tx.addVertex(""name"", ""vertex2"");
    tx.addVertex(""name"", ""vertex3"");

    int found = Iterators.size(tx.query().has(""name"", Contain.IN, Arrays.asList(""vertex1"", ""vertex2"", ""vertex3"", ""vertex4"")).vertices().iterator());
    assertEquals(3, found);
}

@Test
public void testQueryLimit() {
    tx.makePropertyKey(""name"").dataType(String.class).make();
    tx.addVertex(""name"", ""vertex1"");
    tx.addVertex(""name"", ""vertex2"");
    tx.addVertex(""name"", ""vertex3"");

    int limit = 2;
    int found = Iterators.size(tx.query().has(""name"", Contain.IN, Arrays.asList(""vertex1"", ""vertex2"", ""vertex3"", ""vertex4"")).limit(limit).vertices().iterator());
    assertEquals(limit, found);
}
```",NO,,,,,,
96,gemma4:31b,2026-06-11,Duplicate Assert,Java,https://github.com/JanusGraph/janusgraph,https://raw.githubusercontent.com/JanusGraph/janusgraph/master/janusgraph-test/src/test/java/org/janusgraph/graphdb/tinkerpop/optimize/JanusGraphLocalQueryOptimizerStrategyTest.java,testBatchPropertyPrefetching,"    @Test
    public void testBatchPropertyPrefetching() {
        clopen(option(HAS_STEP_BATCH_MODE), MultiQueryHasStepStrategyMode.ALL_PROPERTIES.getConfigName());
        makeSampleGraph();

        // This tests an edge property before inV and will trigger the multiQuery property pre-fetch optimisation in JanusGraphEdgeVertexStep
        Traversal t = g.V().has(""id"", sid).outE(""knows"").has(""weight"", P.between(1, 3)).inV().has(""weight"", P.between(1, 3)).profile(""~metrics"");
        assertNumStep(superV * (numV / 5 * 2), 3, (GraphTraversal)t, JanusGraphStep.class, JanusGraphVertexStep.class, JanusGraphHasStep.class);
        assertTrue(queryProfilerAnnotationIsPresent(t, QueryProfiler.MULTIPREFETCH_ANNOTATION));

        // This tests a vertex property after inV and will trigger the multiQuery property pre-fetch optimisation in JanusGraphVertexStep
        t = g.V().has(""id"", sid).outE(""knows"").inV().has(""weight"", P.between(1, 3)).profile(""~metrics"");
        assertNumStep(superV * (numV / 5 * 2), 3, (GraphTraversal)t, JanusGraphStep.class, JanusGraphVertexStep.class, JanusGraphHasStep.class);
        assertTrue(queryProfilerAnnotationIsPresent(t, QueryProfiler.MULTIPREFETCH_ANNOTATION));

        // As above but with a limit after the has step. Pre-fetch should fetch data up to limit only.
        t = g.V().has(""id"", sid).outE(""knows"").inV().has(""weight"", P.between(1, 3)).limit(1000).profile(""~metrics"");
        assertNumStep(superV * (numV / 5 * 2), 3, (GraphTraversal)t, JanusGraphStep.class, JanusGraphVertexStep.class, JanusGraphHasStep.class);
        assertTrue(queryProfilerAnnotationIsPresent(t, QueryProfiler.MULTIPREFETCH_ANNOTATION));
    }",20,YES,NO,"```java
@Test
public void testBatchPropertyPrefetchingEdgePropertyBeforeInV() {
    clopen(option(HAS_STEP_BATCH_MODE), MultiQueryHasStepStrategyMode.ALL_PROPERTIES.getConfigName());
    makeSampleGraph();

    // This tests an edge property before inV and will trigger the multiQuery property pre-fetch optimisation in JanusGraphEdgeVertexStep
    Traversal t = g.V().has(""id"", sid).outE(""knows"").has(""weight"", P.between(1, 3)).inV().has(""weight"", P.between(1, 3)).profile(""~metrics"");
    assertNumStep(superV * (numV / 5 * 2), 3, (GraphTraversal)t, JanusGraphStep.class, JanusGraphVertexStep.class, JanusGraphHasStep.class);
    assertTrue(queryProfilerAnnotationIsPresent(t, QueryProfiler.MULTIPREFETCH_ANNOTATION));
}

@Test
public void testBatchPropertyPrefetchingVertexPropertyAfterInV() {
    clopen(option(HAS_STEP_BATCH_MODE), MultiQueryHasStepStrategyMode.ALL_PROPERTIES.getConfigName());
    makeSampleGraph();

    // This tests a vertex property after inV and will trigger the multiQuery property pre-fetch optimisation in JanusGraphVertexStep
    Traversal t = g.V().has(""id"", sid).outE(""knows"").inV().has(""weight"", P.between(1, 3)).profile(""~metrics"");
    assertNumStep(superV * (numV / 5 * 2), 3, (GraphTraversal)t, JanusGraphStep.class, JanusGraphVertexStep.class, JanusGraphHasStep.class);
    assertTrue(queryProfilerAnnotationIsPresent(t, QueryProfiler.MULTIPREFETCH_ANNOTATION));
}

@Test
public void testBatchPropertyPrefetchingWithLimit() {
    clopen(option(HAS_STEP_BATCH_MODE), MultiQueryHasStepStrategyMode.ALL_PROPERTIES.getConfigName());
    makeSampleGraph();

    // As above but with a limit after the has step. Pre-fetch should fetch data up to limit only.
    Traversal t = g.V().has(""id"", sid).outE(""knows"").inV().has(""weight"", P.between(1, 3)).limit(1000).profile(""~metrics"");
    assertNumStep(superV * (numV / 5 * 2), 3, (GraphTraversal)t, JanusGraphStep.class, JanusGraphVertexStep.class, JanusGraphHasStep.class);
    assertTrue(queryProfilerAnnotationIsPresent(t, QueryProfiler.MULTIPREFETCH_ANNOTATION));
}
```",NO,YES,NO,YES,YES,,
97,gemma4:31b,2026-06-11,Duplicate Assert,Java,https://github.com/quarkusio/quarkus,https://raw.githubusercontent.com/quarkusio/quarkus/main/integration-tests/oidc-code-flow/src/test/java/io/quarkus/it/keycloak/CodeFlowTest.java,testTokenAutoRefresh,"    public void testTokenAutoRefresh() throws IOException {
        try (final WebClient webClient = createWebClient()) {
            HtmlPage page = webClient.getPage(""http://localhost:8081/tenant-autorefresh"");
            assertEquals(""Sign in to quarkus"", page.getTitleText());
            HtmlForm loginForm = page.getForms().get(0);
            loginForm.getInputByName(""username"").setValueAttribute(""alice"");
            loginForm.getInputByName(""password"").setValueAttribute(""alice"");
            page = loginForm.getButtonByName(""login"").click();
            assertEquals(""Tenant AutoRefresh, refreshed: false"", page.asNormalizedText());

            Cookie sessionCookie = getSessionCookie(webClient, ""tenant-autorefresh"");
            assertNotNull(sessionCookie);
            String idToken = getIdToken(sessionCookie);

            // Auto-refresh-interval is 30 secs so every call auto-refreshes the token
            // Right now the original ID token is still valid but will be auto-refreshed
            page = webClient.getPage(""http://localhost:8081/tenant-autorefresh"");
            assertEquals(""Tenant AutoRefresh, refreshed: true"", page.asNormalizedText());
            sessionCookie = getSessionCookie(webClient, ""tenant-autorefresh"");
            assertNotNull(sessionCookie);
            String nextIdToken = getIdToken(sessionCookie);
            assertNotEquals(idToken, nextIdToken);

            webClient.getCookieManager().clearCookies();
        }
    }",26,YES,YES,"```java
@Test
public void testLoginAndSessionCreation() throws IOException {
    try (final WebClient webClient = createWebClient()) {
        HtmlPage page = webClient.getPage(""http://localhost:8081/tenant-autorefresh"");
        assertEquals(""Sign in to quarkus"", page.getTitleText());
        HtmlForm loginForm = page.getForms().get(0);
        loginForm.getInputByName(""username"").setValueAttribute(""alice"");
        loginForm.getInputByName(""password"").setValueAttribute(""alice"");
        page = loginForm.getButtonByName(""login"").click();
        assertEquals(""Tenant AutoRefresh, refreshed: false"", page.asNormalizedText());

        Cookie sessionCookie = getSessionCookie(webClient, ""tenant-autorefresh"");
        assertNotNull(sessionCookie);
    }
}

@Test
public void testTokenAutoRefresh() throws IOException {
    try (final WebClient webClient = createWebClient()) {
        HtmlPage page = webClient.getPage(""http://localhost:8081/tenant-autorefresh"");
        assertEquals(""Sign in to quarkus"", page.getTitleText());
        HtmlForm loginForm = page.getForms().get(0);
        loginForm.getInputByName(""username"").setValueAttribute(""alice"");
        loginForm.getInputByName(""password"").setValueAttribute(""alice"");
        page = loginForm.getButtonByName(""login"").click();

        Cookie sessionCookie = getSessionCookie(webClient, ""tenant-autorefresh"");
        String idToken = getIdToken(sessionCookie);

        // Auto-refresh-interval is 30 secs so every call auto-refreshes the token
        // Right now the original ID token is still valid but will be auto-refreshed
        page = webClient.getPage(""http://localhost:8081/tenant-autorefresh"");
        assertEquals(""Tenant AutoRefresh, refreshed: true"", page.asNormalizedText());
        sessionCookie = getSessionCookie(webClient, ""tenant-autorefresh"");
        assertNotNull(sessionCookie);
        String nextIdToken = getIdToken(sessionCookie);
        assertNotEquals(idToken, nextIdToken);

        webClient.getCookieManager().clearCookies();
    }
}
```",NO,,,,,,
98,gemma4:31b,2026-06-11,Duplicate Assert,Java,https://github.com/quarkusio/quarkus,https://raw.githubusercontent.com/quarkusio/quarkus/main/integration-tests/oidc-tenancy/src/test/java/io/quarkus/it/keycloak/BearerTokenAuthorizationTest.java,testResolveTenantIdentifierWebAppNoDiscovery,"    @Test
    public void testResolveTenantIdentifierWebAppNoDiscovery() throws IOException {
        try (final WebClient webClient = createWebClient()) {
            HtmlPage page = webClient
                    .getPage(""http://localhost:8081/tenant/tenant-web-app-no-discovery/api/user/webapp-no-discovery"");
            // State cookie is available but there must be no saved path parameter
            // as the tenant-web-app configuration does not set a redirect-path property
            assertNull(getStateCookieSavedPath(webClient, ""tenant-web-app-no-discovery""));
            assertEquals(""Sign in to quarkus-webapp"", page.getTitleText());
            HtmlForm loginForm = page.getForms().get(0);
            loginForm.getInputByName(""username"").setValueAttribute(""alice"");
            loginForm.getInputByName(""password"").setValueAttribute(""alice"");
            page = loginForm.getButtonByName(""login"").click();
            assertEquals(""tenant-web-app-no-discovery:alice"", page.getBody().asNormalizedText());

            page = webClient.getPage(""http://localhost:8081/tenant/tenant-web-app-no-discovery/api/user/webapp-no-discovery"");
            assertEquals(""tenant-web-app-no-discovery:alice"", page.getBody().asNormalizedText());
            webClient.getCookieManager().clearCookies();
        }
    }",20,YES,YES,"```java
@Test
public void testResolveTenantIdentifierWebAppNoDiscoveryLogin() throws IOException {
    try (final WebClient webClient = createWebClient()) {
        HtmlPage page = webClient
                .getPage(""http://localhost:8081/tenant/tenant-web-app-no-discovery/api/user/webapp-no-discovery"");
        // State cookie is available but there must be no saved path parameter
        // as the tenant-web-app configuration does not set a redirect-path property
        assertNull(getStateCookieSavedPath(webClient, ""tenant-web-app-no-discovery""));
        assertEquals(""Sign in to quarkus-webapp"", page.getTitleText());

        HtmlForm loginForm = page.getForms().get(0);
        loginForm.getInputByName(""username"").setValueAttribute(""alice"");
        loginForm.getInputByName(""password"").setValueAttribute(""alice"");
        page = loginForm.getButtonByName(""login"").click();
        assertEquals(""tenant-web-app-no-discovery:alice"", page.getBody().asNormalizedText());
    }
}

@Test
public void testResolveTenantIdentifierWebAppNoDiscoveryPersistence() throws IOException {
    try (final WebClient webClient = createWebClient()) {
        HtmlPage page = webClient
                .getPage(""http://localhost:8081/tenant/tenant-web-app-no-discovery/api/user/webapp-no-discovery"");

        HtmlForm loginForm = page.getForms().get(0);
        loginForm.getInputByName(""username"").setValueAttribute(""alice"");
        loginForm.getInputByName(""password"").setValueAttribute(""alice"");
        loginForm.getButtonByName(""login"").click();

        page = webClient.getPage(""http://localhost:8081/tenant/tenant-web-app-no-discovery/api/user/webapp-no-discovery"");
        assertEquals(""tenant-web-app-no-discovery:alice"", page.getBody().asNormalizedText());
        webClient.getCookieManager().clearCookies();
    }
}
```",NO,,,,,,
99,gemma4:31b,2026-06-11,Duplicate Assert,Java,https://github.com/oracle/opengrok,https://raw.githubusercontent.com/oracle/opengrok/master/opengrok-indexer/src/test/java/org/opengrok/indexer/search/context/StrictLineBreakIteratorTest.java,testTraversal,"   @Test
    void testTraversal() {
        final String DOC = ""abc\ndef\nghi"";
        StrictLineBreakIterator it = new StrictLineBreakIterator();
        it.setText(DOC);

        assertEquals(4, it.next(), ""StrictLineBreakIterator next()"");
        assertEquals(8, it.next(), ""StrictLineBreakIterator next()"");
        assertEquals(4, it.previous(), ""StrictLineBreakIterator previous()"");
        assertEquals(0, it.previous(), ""StrictLineBreakIterator previous()"");
        assertEquals(BreakIterator.DONE, it.previous(), ""StrictLineBreakIterator previous()"");
        assertEquals(4, it.next(), ""StrictLineBreakIterator next()"");
        assertEquals(8, it.next(), ""StrictLineBreakIterator next()"");
        assertEquals(11, it.next(), ""StrictLineBreakIterator next()"");
        assertEquals(BreakIterator.DONE, it.next(), ""StrictLineBreakIterator next()"");

        assertEquals(0, it.first(), ""StrictLineBreakIterator first()"");
        assertEquals(4, it.next(), ""StrictLineBreakIterator next()"");

        assertEquals(11, it.last(), ""StrictLineBreakIterator last()"");
        assertEquals(8, it.previous(), ""StrictLineBreakIterator previous()"");
    }",22,YES,YES,"```java
import org.junit.jupiter.api.Test;
import java.text.BreakIterator;
import static org.junit.jupiter.api.Assertions.assertEquals;

class StrictLineBreakIteratorTest {

    @Test
    void testForwardTraversal() {
        final String DOC = ""abc\ndef\nghi"";
        StrictLineBreakIterator it = new StrictLineBreakIterator();
        it.setText(DOC);

        assertEquals(4, it.next(), ""StrictLineBreakIterator next()"");
        assertEquals(8, it.next(), ""StrictLineBreakIterator next()"");
        assertEquals(11, it.next(), ""StrictLineBreakIterator next()"");
        assertEquals(BreakIterator.DONE, it.next(), ""StrictLineBreakIterator next()"");
    }

    @Test
    void testBackwardTraversal() {
        final String DOC = ""abc\ndef\nghi"";
        StrictLineBreakIterator it = new StrictLineBreakIterator();
        it.setText(DOC);
        it.last();

        assertEquals(8, it.previous(), ""StrictLineBreakIterator previous()"");
        assertEquals(4, it.previous(), ""StrictLineBreakIterator previous()"");
        assertEquals(0, it.previous(), ""StrictLineBreakIterator previous()"");
        assertEquals(BreakIterator.DONE, it.previous(), ""StrictLineBreakIterator previous()"");
    }

    @Test
    void testFirstAndLast() {
        final String DOC = ""abc\ndef\nghi"";
        StrictLineBreakIterator it = new StrictLineBreakIterator();
        it.setText(DOC);

        assertEquals(0, it.first(), ""StrictLineBreakIterator first()"");
        assertEquals(11, it.last(), ""StrictLineBreakIterator last()"");
    }
}
```",NO,,,,,,
100,gemma4:31b,2026-06-11,Duplicate Assert,Java,https://github.com/oracle/opengrok,https://raw.githubusercontent.com/oracle/opengrok/master/opengrok-indexer/src/test/java/org/opengrok/indexer/search/context/WildCardMatcherTest.java,testMatch,"   @Test
    void testMatch() {
        WildCardMatcher m = new WildCardMatcher(""wild?ard"", true); // bug #15644
        assertEquals(LineMatcher.MATCHED, m.match(""wildcard""));
        assertEquals(LineMatcher.MATCHED, m.match(""wildward""));
        assertEquals(LineMatcher.MATCHED, m.match(""wilddard""));
        assertEquals(LineMatcher.MATCHED, m.match(""wild?ard""));
        assertEquals(LineMatcher.NOT_MATCHED, m.match(""wildard""));
        assertEquals(LineMatcher.NOT_MATCHED, m.match(""wildcarde""));
        assertEquals(LineMatcher.NOT_MATCHED, m.match(""awildcard""));
        assertEquals(LineMatcher.NOT_MATCHED, m.match(""wildddard""));
        assertEquals(LineMatcher.NOT_MATCHED, m.match(""mildcard""));
        assertEquals(LineMatcher.NOT_MATCHED, m.match(""wildc?rd""));

        m = new WildCardMatcher(""wild*ard"", true);
        assertEquals(LineMatcher.MATCHED, m.match(""wildcard""));
        assertEquals(LineMatcher.MATCHED, m.match(""wildward""));
        assertEquals(LineMatcher.MATCHED, m.match(""wilddard""));
        assertEquals(LineMatcher.MATCHED, m.match(""wildard""));
        assertEquals(LineMatcher.MATCHED, m.match(""wildxyzard""));
        assertEquals(LineMatcher.MATCHED, m.match(""wildxyzard""));
        assertEquals(LineMatcher.NOT_MATCHED, m.match(""wild""));
        assertEquals(LineMatcher.NOT_MATCHED, m.match(""ard""));
        assertEquals(LineMatcher.NOT_MATCHED, m.match(""wildcat""));
        assertEquals(LineMatcher.NOT_MATCHED, m.match(""wildcarda""));
        assertEquals(LineMatcher.NOT_MATCHED, m.match(""mildcard""));
    }",27,YES,YES,"```java
@Test
void testMatchQuestionMark() {
    WildCardMatcher m = new WildCardMatcher(""wild?ard"", true); // bug #15644
    assertEquals(LineMatcher.MATCHED, m.match(""wildcard""));
    assertEquals(LineMatcher.MATCHED, m.match(""wildward""));
    assertEquals(LineMatcher.MATCHED, m.match(""wilddard""));
    assertEquals(LineMatcher.MATCHED, m.match(""wild?ard""));
    assertEquals(LineMatcher.NOT_MATCHED, m.match(""wildard""));
    assertEquals(LineMatcher.NOT_MATCHED, m.match(""wildcarde""));
    assertEquals(LineMatcher.NOT_MATCHED, m.match(""awildcard""));
    assertEquals(LineMatcher.NOT_MATCHED, m.match(""wildddard""));
    assertEquals(LineMatcher.NOT_MATCHED, m.match(""mildcard""));
    assertEquals(LineMatcher.NOT_MATCHED, m.match(""wildc?rd""));
}

@Test
void testMatchAsterisk() {
    WildCardMatcher m = new WildCardMatcher(""wild*ard"", true);
    assertEquals(LineMatcher.MATCHED, m.match(""wildcard""));
    assertEquals(LineMatcher.MATCHED, m.match(""wildward""));
    assertEquals(LineMatcher.MATCHED, m.match(""wilddard""));
    assertEquals(LineMatcher.MATCHED, m.match(""wildard""));
    assertEquals(LineMatcher.MATCHED, m.match(""wildxyzard""));
    assertEquals(LineMatcher.NOT_MATCHED, m.match(""wild""));
    assertEquals(LineMatcher.NOT_MATCHED, m.match(""ard""));
    assertEquals(LineMatcher.NOT_MATCHED, m.match(""wildcat""));
    assertEquals(LineMatcher.NOT_MATCHED, m.match(""wildcarda""));
    assertEquals(LineMatcher.NOT_MATCHED, m.match(""mildcard""));
}
```",NO,,,,,,
101,gemma4:31b,2026-06-11,Duplicate Assert,Java,https://github.com/oracle/opengrok,https://raw.githubusercontent.com/oracle/opengrok/master/opengrok-indexer/src/test/java/org/opengrok/indexer/util/GetoptTest.java,testParseNormal,"   @Test
    void testParseNormal() throws Exception {
        String[] argv = new String[] {""-a"", ""foo"", ""-bc"", ""--"", ""-f""};
        Getopt instance = new Getopt(argv, ""a:bcr:f"");

        instance.parse();

        assertEquals('a', (char) instance.getOpt());
        assertEquals(""foo"", instance.getOptarg());
        assertEquals('b', (char) instance.getOpt());
        assertNull(instance.getOptarg());
        assertEquals('c', (char) instance.getOpt());
        assertNull(instance.getOptarg());
        assertEquals(-1, instance.getOpt());
        assertEquals(4, instance.getOptind());
        assertTrue(instance.getOptind() < argv.length);
        assertEquals(""-f"", argv[instance.getOptind()]);
    }",18,YES,NO,,,YES,NO,YES,NO,,
102,gemma4:31b,2026-06-11,Duplicate Assert,Java,https://github.com/oracle/opengrok,https://raw.githubusercontent.com/oracle/opengrok/master/opengrok-web/src/test/java/org/opengrok/web/api/v1/controller/MessagesControllerTest.java,addAndRemoveWithTextTest,"   @Test
    void addAndRemoveWithTextTest() {
        final String tag = ""foo"";
        final String text = ""text"";

        addMessage(text, tag);
        assertEquals(1, env.getMessages(tag).size());

        removeMessages(tag + ""bar"", text);
        assertEquals(1, env.getMessages(tag).size());

        removeMessages(tag, text + ""bar"");
        assertEquals(1, env.getMessages(tag).size());

        removeMessages(tag, text);
        assertTrue(env.getMessages(tag).isEmpty());
    }",17,YES,YES,"```java
@Test
void addMessageIncreasesSize() {
    final String tag = ""foo"";
    final String text = ""text"";

    addMessage(text, tag);
    assertEquals(1, env.getMessages(tag).size());
}

@Test
void removeWithIncorrectTagDoesNotChangeSize() {
    final String tag = ""foo"";
    final String text = ""text"";

    addMessage(text, tag);
    removeMessages(tag + ""bar"", text);
    assertEquals(1, env.getMessages(tag).size());
}

@Test
void removeWithIncorrectTextDoesNotChangeSize() {
    final String tag = ""foo"";
    final String text = ""text"";

    addMessage(text, tag);
    removeMessages(tag, text + ""bar"");
    assertEquals(1, env.getMessages(tag).size());
}

@Test
void removeCorrectMessageMakesEmpty() {
    final String tag = ""foo"";
    final String text = ""text"";

    addMessage(text, tag);
    removeMessages(tag, text);
    assertTrue(env.getMessages(tag).isEmpty());
}
```",NO,,,,,,
103,gemma4:31b,2026-06-11,Duplicate Assert,Java,https://github.com/oracle/opengrok,https://raw.githubusercontent.com/oracle/opengrok/master/opengrok-web/src/test/java/org/opengrok/web/api/v1/controller/MessagesControllerTest.java,addAndRemoveDifferentTagsTest,"   @Test
    void addAndRemoveDifferentTagsTest() {
        addMessage(""test"", ""tag1"");
        addMessage(""test"", ""tag2"");

        assertEquals(1, env.getMessages(""tag1"").size());
        assertEquals(1, env.getMessages(""tag2"").size());

        removeMessages(""tag1"");

        assertEquals(0, env.getMessages(""tag1"").size());
        assertEquals(1, env.getMessages(""tag2"").size());

        removeMessages(""tag2"");

        assertTrue(env.getMessages(""tag2"").isEmpty());
    }",17,YES,YES,"```java
@Test
void addDifferentTagsTest() {
    addMessage(""test"", ""tag1"");
    addMessage(""test"", ""tag2"");

    assertEquals(1, env.getMessages(""tag1"").size());
    assertEquals(1, env.getMessages(""tag2"").size());
}

@Test
void removeOneTagAndVerifyOtherRemainsTest() {
    addMessage(""test"", ""tag1"");
    addMessage(""test"", ""tag2"");

    removeMessages(""tag1"");

    assertEquals(0, env.getMessages(""tag1"").size());
    assertEquals(1, env.getMessages(""tag2"").size());
}

@Test
void removeAllTagsTest() {
    addMessage(""test"", ""tag1"");
    addMessage(""test"", ""tag2"");

    removeMessages(""tag1"");
    removeMessages(""tag2"");

    assertTrue(env.getMessages(""tag2"").isEmpty());
}
```",NO,,,,,,
104,gemma4:31b,2026-06-11,Duplicate Assert,Java,https://github.com/flowable/flowable-engine,https://raw.githubusercontent.com/flowable/flowable-engine/main/modules/flowable-app-engine-spring/src/test/java/org/flowable/app/spring/test/autodeployment/SpringAutoDeployTest.java,testNoRedeploymentForSpringContainerRestart,"    @Test
    public void testNoRedeploymentForSpringContainerRestart() throws Exception {
        createAppContextWithoutDeploymentMode();
        AppDeploymentQuery deploymentQuery = repositoryService.createDeploymentQuery();
        assertThat(deploymentQuery.count()).isEqualTo(1);
        AppDefinitionQuery appDefinitionQuery = repositoryService.createAppDefinitionQuery();
        assertThat(appDefinitionQuery.count()).isEqualTo(1);

        // Creating a new app context with same resources doesn't lead to more deployments
        createAppContextWithoutDeploymentMode();
        assertThat(deploymentQuery.count()).isEqualTo(1);
        assertThat(appDefinitionQuery.count()).isEqualTo(1);
    }",13,YES,YES,"```java
@Test
public void testInitialDeploymentCount() throws Exception {
    createAppContextWithoutDeploymentMode();
    AppDeploymentQuery deploymentQuery = repositoryService.createDeploymentQuery();
    assertThat(deploymentQuery.count()).isEqualTo(1);
    AppDefinitionQuery appDefinitionQuery = repositoryService.createAppDefinitionQuery();
    assertThat(appDefinitionQuery.count()).isEqualTo(1);
}

@Test
public void testNoRedeploymentForSpringContainerRestart() throws Exception {
    createAppContextWithoutDeploymentMode();
    // Creating a new app context with same resources doesn't lead to more deployments
    createAppContextWithoutDeploymentMode();
    AppDeploymentQuery deploymentQuery = repositoryService.createDeploymentQuery();
    assertThat(deploymentQuery.count()).isEqualTo(1);
    AppDefinitionQuery appDefinitionQuery = repositoryService.createAppDefinitionQuery();
    assertThat(appDefinitionQuery.count()).isEqualTo(1);
}
```",NO,,,,,,
105,gemma4:31b,2026-06-11,Duplicate Assert,Java,https://github.com/flowable/flowable-engine,https://raw.githubusercontent.com/flowable/flowable-engine/main/modules/flowable-camel/src/test/java/org/flowable/camel/EmptyProcessTest.java,testRunProcessWithHeader,"    public void testRunProcessWithHeader() throws Exception {
        CamelContext ctx = applicationContext.getBean(CamelContext.class);
        ProducerTemplate tpl = camelContext.createProducerTemplate();
        String body = ""body text"";
        Exchange exchange = ctx.getEndpoint(""direct:startEmptyWithHeader"").createExchange();
        exchange.getIn().setBody(body);
        tpl.send(""direct:startEmptyWithHeader"", exchange);

        String instanceId = (String) exchange.getProperty(""PROCESS_ID_PROPERTY"");
        assertProcessEnded(instanceId);
        HistoricVariableInstance var = processEngine.getHistoryService().createHistoricVariableInstanceQuery().variableName(""camelBody"").singleResult();
        assertThat(var).isNotNull();
        assertThat(var.getValue()).isEqualTo(body);
        var = processEngine.getHistoryService().createHistoricVariableInstanceQuery().variableName(""MyVar"").singleResult();
        assertThat(var).isNotNull();
        assertThat(var.getValue()).isEqualTo(""Foo"");
    }",17,NO,YES,,,,,,,,
106,gemma4:31b,2026-06-11,Duplicate Assert,Java,https://github.com/oracle/opengrok,https://raw.githubusercontent.com/oracle/opengrok/master/opengrok-indexer/src/test/java/org/opengrok/indexer/analysis/AnalyzerGuruTest.java,matchesFullName,"   @Test
    void matchesFullName() {
        String s = File.separator;  // so test works on Unix and Windows
        String path = s + ""path"" + s + ""to"" + s + ""Makefile"";
        AnalyzerFactory faf = AnalyzerGuru.find(path);
        assertSame(ShAnalyzerFactory.class, faf.getClass());
        faf = AnalyzerGuru.find(""GNUMakefile"");
        assertSame(ShAnalyzerFactory.class, faf.getClass());
    }",9,YES,YES,"```java
@Test
void matchesFullName() {
    String s = File.separator;  // so test works on Unix and Windows
    String path = s + ""path"" + s + ""to"" + s + ""Makefile"";
    AnalyzerFactory faf = AnalyzerGuru.find(path);
    assertSame(ShAnalyzerFactory.class, faf.getClass());
}

@Test
void matchesGNUMakefileName() {
    AnalyzerFactory faf = AnalyzerGuru.find(""GNUMakefile"");
    assertSame(ShAnalyzerFactory.class, faf.getClass());
}
```",NO,,,,,,
107,gemma4:31b,2026-06-11,Duplicate Assert,Java,https://github.com/oracle/opengrok,https://raw.githubusercontent.com/oracle/opengrok/master/plugins/src/test/java/opengrok/auth/plugin/UserPluginTest.java,testTimeoutedUser,"   @Test
    void testTimeoutedUser() {
        HttpServletRequest req;
        assertFalse(plugin.isAllowed(req = createRequest(""007"", true), new Group()));
        assertNull(req.getAttribute(UserPlugin.REQUEST_ATTR));
        assertFalse(plugin.isAllowed(req = createRequest(""008"", true), new Project()));
        assertNull(req.getAttribute(UserPlugin.REQUEST_ATTR));
        assertFalse(plugin.isAllowed(req = createRequest(""009"", true), createGroup(""some group"")));
        assertNull(req.getAttribute(UserPlugin.REQUEST_ATTR));
        assertFalse(plugin.isAllowed(req = createRequest(""00A"", true), createProject(""some project"")));
        assertNull(req.getAttribute(UserPlugin.REQUEST_ATTR));
    }",12,YES,NO,"```java
@Test
void testTimeoutedUserWithGroup() {
    HttpServletRequest req = createRequest(""007"", true);
    assertFalse(plugin.isAllowed(req, new Group()));
    assertNull(req.getAttribute(UserPlugin.REQUEST_ATTR));
}

@Test
void testTimeoutedUserWithProject() {
    HttpServletRequest req = createRequest(""008"", true);
    assertFalse(plugin.isAllowed(req, new Project()));
    assertNull(req.getAttribute(UserPlugin.REQUEST_ATTR));
}

@Test
void testTimeoutedUserWithSpecificGroup() {
    HttpServletRequest req = createRequest(""009"", true);
    assertFalse(plugin.isAllowed(req, createGroup(""some group"")));
    assertNull(req.getAttribute(UserPlugin.REQUEST_ATTR));
}

@Test
void testTimeoutedUserWithSpecificProject() {
    HttpServletRequest req = createRequest(""00A"", true);
    assertFalse(plugin.isAllowed(req, createProject(""some project"")));
    assertNull(req.getAttribute(UserPlugin.REQUEST_ATTR));
}
```",NO,YES,NO,YES,YES,,
108,gemma4:31b,2026-06-11,Duplicate Assert,Java,https://github.com/jenkinsci/jenkins,https://raw.githubusercontent.com/jenkinsci/jenkins/master/test/src/test/java/jenkins/security/stapler/StaticRoutingDecisionProviderTest.java,doAction_regular,"    @Test
    public void doAction_regular() throws Exception {
        assertReachable(""do-action/action/"");

        ExtensionList.lookupSingleton(StaticRoutingDecisionProvider.class).add(ActionWithWhitelist.DO_ACTION_SIGNATURE);

        assertReachable(""do-action/action/"");

        ExtensionList.lookupSingleton(StaticRoutingDecisionProvider.class).remove(ActionWithWhitelist.DO_ACTION_SIGNATURE);

        assertReachable(""do-action/action/"");

        ExtensionList.lookupSingleton(StaticRoutingDecisionProvider.class).addBlacklistSignature(ActionWithWhitelist.DO_ACTION_SIGNATURE);

        assertNotReachable(""do-action/action/"");
        assertDoActionRequestWasBlockedAndResetFlag();

        ExtensionList.lookupSingleton(StaticRoutingDecisionProvider.class).removeBlacklistSignature(ActionWithWhitelist.DO_ACTION_SIGNATURE);

        assertReachable(""do-action/action/"");
    }",21,YES,YES,"```java
@Test
public void doAction_initialStateIsReachable() throws Exception {
    assertReachable(""do-action/action/"");
}

@Test
public void doAction_reachableAfterAddingToWhitelist() throws Exception {
    ExtensionList.lookupSingleton(StaticRoutingDecisionProvider.class).add(ActionWithWhitelist.DO_ACTION_SIGNATURE);
    try {
        assertReachable(""do-action/action/"");
    } finally {
        ExtensionList.lookupSingleton(StaticRoutingDecisionProvider.class).remove(ActionWithWhitelist.DO_ACTION_SIGNATURE);
    }
}

@Test
public void doAction_reachableAfterRemovingFromWhitelist() throws Exception {
    ExtensionList.lookupSingleton(StaticRoutingDecisionProvider.class).add(ActionWithWhitelist.DO_ACTION_SIGNATURE);
    ExtensionList.lookupSingleton(StaticRoutingDecisionProvider.class).remove(ActionWithWhitelist.DO_ACTION_SIGNATURE);
    assertReachable(""do-action/action/"");
}

@Test
public void doAction_blacklistingAndRecovery() throws Exception {
    ExtensionList.lookupSingleton(StaticRoutingDecisionProvider.class).addBlacklistSignature(ActionWithWhitelist.DO_ACTION_SIGNATURE);
    try {
        assertNotReachable(""do-action/action/"");
        assertDoActionRequestWasBlockedAndResetFlag();

        ExtensionList.lookupSingleton(StaticRoutingDecisionProvider.class).removeBlacklistSignature(ActionWithWhitelist.DO_ACTION_SIGNATURE);
        assertReachable(""do-action/action/"");
    } finally {
        ExtensionList.lookupSingleton(StaticRoutingDecisionProvider.class).removeBlacklistSignature(ActionWithWhitelist.DO_ACTION_SIGNATURE);
    }
}
```",NO,,,,,,
109,gemma4:31b,2026-06-11,Duplicate Assert,Java,https://github.com/oracle/opengrok,https://raw.githubusercontent.com/oracle/opengrok/master/opengrok-indexer/src/test/java/org/opengrok/indexer/analysis/clojure/ClojureAnalyzerFactoryTest.java,testScopeAnalyzer,"   @Test
    void testScopeAnalyzer() throws Exception {
        String path = repository.getSourceRoot() + ""/clojure/sample.clj"";
        File f = new File(path);
        assertTrue(f.canRead() && f.isFile(), ""clojure testfile "" + f + "" not found"");

        Document doc = new Document();
        doc.add(new Field(QueryBuilder.FULLPATH, path,
                          string_ft_nstored_nanalyzed_norms));
        StringWriter xrefOut = new StringWriter();
        analyzer.setCtags(ctags);
        analyzer.analyze(doc, getStreamSource(path), xrefOut);

        Definitions definitions = Definitions.deserialize(doc.getField(QueryBuilder.TAGS).binaryValue().bytes);

        String[] type = new String[1];
        assertTrue(definitions.hasDefinitionAt(""opengrok"", 4, type));
        assertThat(type[0], is(""namespace""));
        assertTrue(definitions.hasDefinitionAt(""power-set"", 8, type));
        assertThat(type[0], is(""function""));
        assertTrue(definitions.hasDefinitionAt(""power-set-private"", 14, type));
        assertThat(type[0], is(""privateFunction""));
        assertTrue(definitions.hasDefinitionAt(""author"", 19, type));
        assertThat(type[0], is(""struct""));
        assertTrue(definitions.hasDefinitionAt(""author-first-name"", 22, type));
        assertThat(type[0], is(""definition""));
        assertTrue(definitions.hasDefinitionAt(""Farid"", 24, type));
        assertThat(type[0], is(""definition""));
    }",29,YES,YES,"```java
@ParameterizedTest
@CsvSource({
    ""opengrok, 4, namespace"",
    ""power-set, 8, function"",
    ""power-set-private, 14, privateFunction"",
    ""author, 19, struct"",
    ""author-first-name, 22, definition"",
    ""Farid, 24, definition""
})
void testScopeAnalyzer(String name, int line, String expectedType) throws Exception {
    String path = repository.getSourceRoot() + ""/clojure/sample.clj"";
    File f = new File(path);
    assertTrue(f.canRead() && f.isFile(), ""clojure testfile "" + f + "" not found"");

    Document doc = new Document();
    doc.add(new Field(QueryBuilder.FULLPATH, path, string_ft_nstored_nanalyzed_norms));
    StringWriter xrefOut = new StringWriter();
    analyzer.setCtags(ctags);
    analyzer.analyze(doc, getStreamSource(path), xrefOut);

    Definitions definitions = Definitions.deserialize(doc.getField(QueryBuilder.TAGS).binaryValue().bytes);

    String[] type = new String[1];
    assertTrue(definitions.hasDefinitionAt(name, line, type));
    assertThat(type[0], is(expectedType));
}
```",NO,,,,,,
110,gemma4:31b,2026-06-11,Duplicate Assert,Java,https://github.com/jenkinsci/jenkins,https://raw.githubusercontent.com/jenkinsci/jenkins/master/test/src/test/java/jenkins/security/stapler/StaticRoutingDecisionProviderTest.java,getItem_getterWithStaplerNotDispatchable,"    @Test
    public void getItem_getterWithStaplerNotDispatchable() throws Exception {
        assertNotReachable(""getter/itemWithStaplerNotDispatchable/"");
        assertGetMethodRequestWasBlockedAndResetFlag();
        assertNotReachable(""getter/itemWithStaplerNotDispatchable/valid"");
        assertGetMethodRequestWasBlockedAndResetFlag();

        ExtensionList.lookupSingleton(StaticRoutingDecisionProvider.class).add(GetterWithWhitelist.GET_ITEM_STAPLER_NONROUTABLE_SIGNATURE);

        // Annotation overrides whitelist/blacklist
        assertNotReachable(""getter/itemWithStaplerNotDispatchable/"");
        assertGetMethodRequestWasBlockedAndResetFlag();
        assertNotReachable(""getter/itemWithStaplerNotDispatchable/valid"");
        assertGetMethodRequestWasBlockedAndResetFlag();
    }",15,YES,YES,"```java
@Test
public void getItem_getterWithStaplerNotDispatchable_initialBasePath() throws Exception {
    assertNotReachable(""getter/itemWithStaplerNotDispatchable/"");
    assertGetMethodRequestWasBlockedAndResetFlag();
}

@Test
public void getItem_getterWithStaplerNotDispatchable_initialValidPath() throws Exception {
    assertNotReachable(""getter/itemWithStaplerNotDispatchable/valid"");
    assertGetMethodRequestWasBlockedAndResetFlag();
}

@Test
public void getItem_getterWithStaplerNotDispatchable_modifiedBasePath() throws Exception {
    ExtensionList.lookupSingleton(StaticRoutingDecisionProvider.class).add(GetterWithWhitelist.GET_ITEM_STAPLER_NONROUTABLE_SIGNATURE);
    // Annotation overrides whitelist/blacklist
    assertNotReachable(""getter/itemWithStaplerNotDispatchable/"");
    assertGetMethodRequestWasBlockedAndResetFlag();
}

@Test
public void getItem_getterWithStaplerNotDispatchable_modifiedValidPath() throws Exception {
    ExtensionList.lookupSingleton(StaticRoutingDecisionProvider.class).add(GetterWithWhitelist.GET_ITEM_STAPLER_NONROUTABLE_SIGNATURE);
    // Annotation overrides whitelist/blacklist
    assertNotReachable(""getter/itemWithStaplerNotDispatchable/valid"");
    assertGetMethodRequestWasBlockedAndResetFlag();
}
```",NO,,,,,,
111,gemma4:31b,2026-06-11,Duplicate Assert,Java,https://github.com/oracle/opengrok,https://raw.githubusercontent.com/oracle/opengrok/master/opengrok-indexer/src/test/java/org/opengrok/indexer/analysis/DefinitionsTest.java,getSymbols,"   @Test
    void getSymbols() {
        Definitions instance = new Definitions();
        Set<String> result = instance.getSymbols();
        assertNotNull(result);
        assertEquals(0, result.size());
        instance.addTag(1, ""found"", """", """", 0, 0);
        result = instance.getSymbols();
        assertNotNull(result);
        assertEquals(1, result.size());
    }",11,YES,YES,"```java
@Test
void getSymbolsInitiallyEmpty() {
    Definitions instance = new Definitions();
    Set<String> result = instance.getSymbols();
    assertNotNull(result);
    assertEquals(0, result.size());
}

@Test
void getSymbolsAfterAddingTag() {
    Definitions instance = new Definitions();
    instance.addTag(1, ""found"", """", """", 0, 0);
    Set<String> result = instance.getSymbols();
    assertNotNull(result);
    assertEquals(1, result.size());
}
```",NO,,,,,,
112,gemma4:31b,2026-06-11,Duplicate Assert,Java,https://github.com/jenkinsci/jenkins,https://raw.githubusercontent.com/jenkinsci/jenkins/master/test/src/test/java/jenkins/security/stapler/StaticRoutingDecisionProviderTest.java,fieldStatic_withStaplerNotDispatchable,"    @Test
    public void fieldStatic_withStaplerNotDispatchable() throws Exception {
        assertNotReachable(""field/staticRenderableWithStaplerNotDispatchable/"");
        assertFieldRequestWasBlockedAndResetFlag();
        assertNotReachable(""field/staticRenderableWithStaplerNotDispatchable/valid"");
        assertFieldRequestWasBlockedAndResetFlag();

        ExtensionList.lookupSingleton(StaticRoutingDecisionProvider.class).add(FieldWithWhitelist.FIELD_STATIC_STAPLER_NONROUTABLE_SIGNATURE);

        assertNotReachable(""field/staticRenderableWithStaplerNotDispatchable/"");
        assertFieldRequestWasBlockedAndResetFlag();
        assertNotReachable(""field/staticRenderableWithStaplerNotDispatchable/valid"");
        assertFieldRequestWasBlockedAndResetFlag();
    }",14,YES,YES,"```java
@Test
public void fieldStatic_withStaplerNotDispatchable_InitialState() throws Exception {
    assertNotReachable(""field/staticRenderableWithStaplerNotDispatchable/"");
    assertFieldRequestWasBlockedAndResetFlag();
    assertNotReachable(""field/staticRenderableWithStaplerNotDispatchable/valid"");
    assertFieldRequestWasBlockedAndResetFlag();
}

@Test
public void fieldStatic_withStaplerNotDispatchable_AfterAddingSignature() throws Exception {
    ExtensionList.lookupSingleton(StaticRoutingDecisionProvider.class).add(FieldWithWhitelist.FIELD_STATIC_STAPLER_NONROUTABLE_SIGNATURE);

    assertNotReachable(""field/staticRenderableWithStaplerNotDispatchable/"");
    assertFieldRequestWasBlockedAndResetFlag();
    assertNotReachable(""field/staticRenderableWithStaplerNotDispatchable/valid"");
    assertFieldRequestWasBlockedAndResetFlag();
}
```",YES,,,,,"```java
@Test
public void fieldStatic_withStaplerNotDispatchable_InitialState_Root() throws Exception {
    assertNotReachable(""field/staticRenderableWithStaplerNotDispatchable/"");
    assertFieldRequestWasBlockedAndResetFlag();
}

@Test
public void fieldStatic_withStaplerNotDispatchable_InitialState_Valid() throws Exception {
    assertNotReachable(""field/staticRenderableWithStaplerNotDispatchable/valid"");
    assertFieldRequestWasBlockedAndResetFlag();
}

@Test
public void fieldStatic_withStaplerNotDispatchable_AfterAddingSignature_Root() throws Exception {
    ExtensionList.lookupSingleton(StaticRoutingDecisionProvider.class).add(FieldWithWhitelist.FIELD_STATIC_STAPLER_NONROUTABLE_SIGNATURE);

    assertNotReachable(""field/staticRenderableWithStaplerNotDispatchable/"");
    assertFieldRequestWasBlockedAndResetFlag();
}

@Test
public void fieldStatic_withStaplerNotDispatchable_AfterAddingSignature_Valid() throws Exception {
    ExtensionList.lookupSingleton(StaticRoutingDecisionProvider.class).add(FieldWithWhitelist.FIELD_STATIC_STAPLER_NONROUTABLE_SIGNATURE);

    assertNotReachable(""field/staticRenderableWithStaplerNotDispatchable/valid"");
    assertFieldRequestWasBlockedAndResetFlag();
}
```",NO
113,gemma4:31b,2026-06-11,Duplicate Assert,Java,https://github.com/jenkinsci/jenkins,https://raw.githubusercontent.com/jenkinsci/jenkins/master/test/src/test/java/lib/form/EnumTest.java,testSelectionNoDefault,"    @Test
    public void testSelectionNoDefault() throws Exception {
        HtmlForm form = getForm(""noDefault"");
        HtmlSelect select;

        select = form.getSelectByName(""enum1"");
        assertEquals(BallColor.values().length, select.getOptionSize());
        assertEquals(BallColor.YELLOW.name(), select.getDefaultValue());

        select = form.getSelectByName(""enum2"");
        assertEquals(BallColor.values().length, select.getOptionSize());
        assertEquals(BallColor.values()[0].name(), select.getDefaultValue());
    }",13,YES,NO,,,YES,NO,YES,NO,,
114,gemma4:31b,2026-06-11,Duplicate Assert,Java,https://github.com/JanusGraph/janusgraph,https://raw.githubusercontent.com/JanusGraph/janusgraph/master/janusgraph-driver/src/test/java/org/janusgraph/graphdb/tinkerpop/plugin/JanusGraphGremlinDriverPluginTest.java,shouldImportDeclaringClass,"    @Test
    public void shouldImportDeclaringClass() {
        final JanusGraphGremlinDriverPlugin plugin = JanusGraphGremlinDriverPlugin.instance();
        final ImportCustomizer customizer = (ImportCustomizer) plugin.getCustomizers().get()[0];
        final Set<Class> classes = customizer.getClassImports();

        for (final Method m : customizer.getMethodImports()) {
            final Class c = m.getDeclaringClass();
            assertTrue(classes.contains(c), ""CLASS_IMPORTS is missing "" + c.getCanonicalName());
        }

        for (final Enum e : customizer.getEnumImports()) {
            final Class c = e.getDeclaringClass();
            assertTrue(classes.contains(c), ""CLASS_IMPORTS is missing "" + c.getCanonicalName());
        }
    }",16,NO,YES,,,,,,,,
115,gemma4:31b,2026-06-11,Duplicate Assert,Java,https://github.com/lettuce-io/lettuce-core,https://raw.githubusercontent.com/lettuce-io/lettuce-core/main/src/test/java/io/lettuce/core/sentinel/SentinelCommandIntegrationTests.java,sentinelConnectWith,"   @Test
    void sentinelConnectWith() {

        RedisURI uri = RedisURI.Builder.sentinel(TestSettings.host(), 1234, SentinelTestSettings.MASTER_ID)
                .withSentinel(TestSettings.host()).build();

        RedisSentinelCommands<String, String> sentinelConnection = this.redisClient.connectSentinel(uri).sync();
        assertThat(sentinelConnection.ping()).isEqualTo(""PONG"");

        sentinelConnection.getStatefulConnection().close();

        RedisCommands<String, String> connection2 = this.redisClient.connect(uri).sync();
        assertThat(connection2.ping()).isEqualTo(""PONG"");
        connection2.quit();

        Wait.untilTrue(() -> connection2.getStatefulConnection().isOpen()).waitOrTimeout();

        assertThat(connection2.ping()).isEqualTo(""PONG"");
        connection2.getStatefulConnection().close();
    }",20,YES,YES,"```java
@Test
void sentinelConnectWithSentinel() {
    RedisURI uri = RedisURI.Builder.sentinel(TestSettings.host(), 1234, SentinelTestSettings.MASTER_ID)
            .withSentinel(TestSettings.host()).build();

    RedisSentinelCommands<String, String> sentinelConnection = this.redisClient.connectSentinel(uri).sync();
    assertThat(sentinelConnection.ping()).isEqualTo(""PONG"");

    sentinelConnection.getStatefulConnection().close();
}

@Test
void sentinelConnectWithStandard() {
    RedisURI uri = RedisURI.Builder.sentinel(TestSettings.host(), 1234, SentinelTestSettings.MASTER_ID)
            .withSentinel(TestSettings.host()).build();

    RedisCommands<String, String> connection = this.redisClient.connect(uri).sync();
    assertThat(connection.ping()).isEqualTo(""PONG"");
    connection.getStatefulConnection().close();
}

@Test
void sentinelConnectAfterQuitAndWait() {
    RedisURI uri = RedisURI.Builder.sentinel(TestSettings.host(), 1234, SentinelTestSettings.MASTER_ID)
            .withSentinel(TestSettings.host()).build();

    RedisCommands<String, String> connection = this.redisClient.connect(uri).sync();
    connection.quit();

    Wait.untilTrue(() -> connection.getStatefulConnection().isOpen()).waitOrTimeout();

    assertThat(connection.ping()).isEqualTo(""PONG"");
    connection.getStatefulConnection().close();
}
```",NO,,,,,,
116,gemma4:31b,2026-06-11,Duplicate Assert,Java,https://github.com/lettuce-io/lettuce-core,https://raw.githubusercontent.com/lettuce-io/lettuce-core/main/src/test/java/io/lettuce/core/sentinel/SentinelServerCommandIntegrationTests.java,clientGetSetname,"    @Test
    public void clientGetSetname() {
        assertThat(sentinel.clientGetname()).isNull();
        assertThat(sentinel.clientSetname(""test"")).isEqualTo(""OK"");
        assertThat(sentinel.clientGetname()).isEqualTo(""test"");
        assertThat(sentinel.clientSetname("""")).isEqualTo(""OK"");
        assertThat(sentinel.clientGetname()).isNull();
    }",8,YES,YES,"```java
@Test
public void clientGetNameInitial() {
    assertThat(sentinel.clientGetname()).isNull();
}

@Test
public void clientSetAndGetName() {
    assertThat(sentinel.clientSetname(""test"")).isEqualTo(""OK"");
    assertThat(sentinel.clientGetname()).isEqualTo(""test"");
}

@Test
public void clientClearName() {
    assertThat(sentinel.clientSetname("""")).isEqualTo(""OK"");
    assertThat(sentinel.clientGetname()).isNull();
}
```",NO,,,,,,
117,gemma4:31b,2026-06-11,Duplicate Assert,Java,https://github.com/lettuce-io/lettuce-core,https://raw.githubusercontent.com/lettuce-io/lettuce-core/main/src/test/java/io/lettuce/core/SslIntegrationTests.java,pubSubSsl,"    void pubSubSsl() {

        RedisPubSubCommands<String, String> connection = redisClient.connectPubSub(URI_NO_VERIFY).sync();
        connection.subscribe(""c1"");
        connection.subscribe(""c2"");

        RedisPubSubCommands<String, String> connection2 = redisClient.connectPubSub(URI_NO_VERIFY).sync();

        assertThat(connection2.pubsubChannels()).contains(""c1"", ""c2"");
        connection.quit();
        Wait.untilTrue(connection.getStatefulConnection()::isOpen).waitOrTimeout();
        Wait.untilEquals(2, () -> connection2.pubsubChannels().size()).during(Duration.ofSeconds(120)).waitOrTimeout();

        assertThat(connection2.pubsubChannels()).contains(""c1"", ""c2"");
    }",15,YES,YES,"```java
@Test
void pubSubSslInitialSubscription() {
    RedisPubSubCommands<String, String> connection = redisClient.connectPubSub(URI_NO_VERIFY).sync();
    connection.subscribe(""c1"");
    connection.subscribe(""c2"");

    RedisPubSubCommands<String, String> connection2 = redisClient.connectPubSub(URI_NO_VERIFY).sync();

    assertThat(connection2.pubsubChannels()).contains(""c1"", ""c2"");
    connection.quit();
}

@Test
void pubSubSslPersistenceAfterQuit() {
    RedisPubSubCommands<String, String> connection = redisClient.connectPubSub(URI_NO_VERIFY).sync();
    connection.subscribe(""c1"");
    connection.subscribe(""c2"");

    RedisPubSubCommands<String, String> connection2 = redisClient.connectPubSub(URI_NO_VERIFY).sync();

    connection.quit();
    Wait.untilTrue(connection.getStatefulConnection()::isOpen).waitOrTimeout();
    Wait.untilEquals(2, () -> connection2.pubsubChannels().size()).during(Duration.ofSeconds(120)).waitOrTimeout();

    assertThat(connection2.pubsubChannels()).contains(""c1"", ""c2"");
}
```",NO,,,,,,
118,gemma4:31b,2026-06-11,Duplicate Assert,Java,https://github.com/lettuce-io/lettuce-core,https://raw.githubusercontent.com/lettuce-io/lettuce-core/main/src/test/java/io/lettuce/core/support/AsyncPoolWithValidationUnitTests.java,shouldTestObjectOnBorrowFailState,"   @Test
    void shouldTestObjectOnBorrowFailState() {

        mockCreation();
        when(factory.validate(any())).thenReturn(failed(new RedisException(""foo"")));

        BoundedAsyncPool<String> pool = new BoundedAsyncPool<>(factory, BoundedPoolConfig.builder().testOnAcquire().build());

        pool.release(TestFutures.getOrTimeout(pool.acquire()));

        assertThat(pool.getIdle()).isEqualTo(1);
        assertThat(pool.getObjectCount()).isEqualTo(1);
        assertThat(pool.getCreationInProgress()).isZero();

        CompletableFuture<String> acquire = pool.acquire();

        assertThat(acquire).isCompletedWithValue(""2"");

        assertThat(pool.getIdle()).isEqualTo(0);
        assertThat(pool.getObjectCount()).isEqualTo(1);
        assertThat(pool.getCreationInProgress()).isZero();
    }",22,YES,NO,"```java
@Test
void shouldHaveCorrectStateAfterBorrowFailAndRelease() {
    mockCreation();
    when(factory.validate(any())).thenReturn(failed(new RedisException(""foo"")));

    BoundedAsyncPool<String> pool = new BoundedAsyncPool<>(factory, BoundedPoolConfig.builder().testOnAcquire().build());

    pool.release(TestFutures.getOrTimeout(pool.acquire()));

    assertThat(pool.getIdle()).isEqualTo(1);
    assertThat(pool.getObjectCount()).isEqualTo(1);
    assertThat(pool.getCreationInProgress()).isZero();
}

@Test
void shouldUpdateStateCorrectlyOnSubsequentAcquireAfterBorrowFail() {
    mockCreation();
    when(factory.validate(any())).thenReturn(failed(new RedisException(""foo"")));

    BoundedAsyncPool<String> pool = new BoundedAsyncPool<>(factory, BoundedPoolConfig.builder().testOnAcquire().build());

    pool.release(TestFutures.getOrTimeout(pool.acquire()));

    CompletableFuture<String> acquire = pool.acquire();

    assertThat(acquire).isCompletedWithValue(""2"");
    assertThat(pool.getIdle()).isEqualTo(0);
    assertThat(pool.getObjectCount()).isEqualTo(1);
    assertThat(pool.getCreationInProgress()).isZero();
}
```",NO,YES,YES,,,,
119,gemma4:31b,2026-06-11,Duplicate Assert,Java,https://github.com/jenkinsci/jenkins,https://raw.githubusercontent.com/jenkinsci/jenkins/master/core/src/test/java/hudson/MarkupTextTest.java,adjacent,"    @Test
    public void adjacent() {
        MarkupText text = new MarkupText(""abcdef"");
        text.addMarkup(0, 3, ""$"", ""$"");
        text.addMarkup(3, 6, ""#"", ""#"");
        assertEquals(""$abc$#def#"", text.toString(false));

        text = new MarkupText(""abcdef"");
        text.addMarkup(3, 6, ""#"", ""#"");
        text.addMarkup(0, 3, ""$"", ""$"");
        assertEquals(""$abc$#def#"", text.toString(false));
    }",12,YES,YES,"```java
@Test
public void adjacentOrder1() {
    MarkupText text = new MarkupText(""abcdef"");
    text.addMarkup(0, 3, ""$"", ""$"");
    text.addMarkup(3, 6, ""#"", ""#"");
    assertEquals(""$abc$#def#"", text.toString(false));
}

@Test
public void adjacentOrder2() {
    MarkupText text = new MarkupText(""abcdef"");
    text.addMarkup(3, 6, ""#"", ""#"");
    text.addMarkup(0, 3, ""$"", ""$"");
    assertEquals(""$abc$#def#"", text.toString(false));
}
```",NO,,,,,,
120,gemma4:31b,2026-06-11,Duplicate Assert,Java,https://github.com/jenkinsci/jenkins,https://raw.githubusercontent.com/jenkinsci/jenkins/master/core/src/test/java/hudson/model/ActionableTest.java,testExtensionOverrides,"    @Test
    public void testExtensionOverrides() {
        ActionableOverride myOverridden = new ActionableOverride();
        InvisibleAction invis = new InvisibleAction() {
        };
        myOverridden.addAction(invis);
        Assert.assertArrayEquals(new Object[]{invis}, myOverridden.specialActions.toArray());
        Assert.assertArrayEquals(new Object[]{invis}, myOverridden.getActions().toArray());

        myOverridden.getActions().remove(invis);
        Assert.assertArrayEquals(new Object[]{}, myOverridden.specialActions.toArray());
        Assert.assertArrayEquals(new Object[]{}, myOverridden.getActions().toArray());

        myOverridden.addAction(invis);
        myOverridden.removeAction(invis);
        Assert.assertArrayEquals(new Object[]{}, myOverridden.specialActions.toArray());
        Assert.assertArrayEquals(new Object[]{}, myOverridden.getActions().toArray());

        InvisibleAction invis2 = new InvisibleAction() {};
        myOverridden.addOrReplaceAction(invis2);
        Assert.assertArrayEquals(new Object[]{invis2}, myOverridden.specialActions.toArray());
        Assert.assertArrayEquals(new Object[]{invis2}, myOverridden.getActions().toArray());

        myOverridden.addOrReplaceAction(invis);
        myOverridden.addOrReplaceAction(invis);
        Assert.assertArrayEquals(new Object[]{invis2, invis}, myOverridden.specialActions.toArray());
        Assert.assertArrayEquals(new Object[]{invis2, invis}, myOverridden.getActions().toArray());
    }",28,YES,YES,"```java
import org.junit.jupiter.api.Test;
import org.junit.jupiter.api.Assertions;

public class ActionableOverrideTest {

    @Test
    public void testAddActionConsistency() {
        ActionableOverride myOverridden = new ActionableOverride();
        InvisibleAction invis = new InvisibleAction() {};
        myOverridden.addAction(invis);
        Assertions.assertArrayEquals(new Object[]{invis}, myOverridden.specialActions.toArray());
        Assertions.assertArrayEquals(new Object[]{invis}, myOverridden.getActions().toArray());
    }

    @Test
    public void testRemoveViaGetActionsConsistency() {
        ActionableOverride myOverridden = new ActionableOverride();
        InvisibleAction invis = new InvisibleAction() {};
        myOverridden.addAction(invis);
        myOverridden.getActions().remove(invis);
        Assertions.assertArrayEquals(new Object[]{}, myOverridden.specialActions.toArray());
        Assertions.assertArrayEquals(new Object[]{}, myOverridden.getActions().toArray());
    }

    @Test
    public void testRemoveActionConsistency() {
        ActionableOverride myOverridden = new ActionableOverride();
        InvisibleAction invis = new InvisibleAction() {};
        myOverridden.addAction(invis);
        myOverridden.removeAction(invis);
        Assertions.assertArrayEquals(new Object[]{}, myOverridden.specialActions.toArray());
        Assertions.assertArrayEquals(new Object[]{}, myOverridden.getActions().toArray());
    }

    @Test
    public void testAddOrReplaceActionConsistency() {
        ActionableOverride myOverridden = new ActionableOverride();
        InvisibleAction invis = new InvisibleAction() {};
        InvisibleAction invis2 = new InvisibleAction() {};

        myOverridden.addOrReplaceAction(invis2);
        Assertions.assertArrayEquals(new Object[]{invis2}, myOverridden.specialActions.toArray());
        Assertions.assertArrayEquals(new Object[]{invis2}, myOverridden.getActions().toArray());

        myOverridden.addOrReplaceAction(invis);
        myOverridden.addOrReplaceAction(invis);
        Assertions.assertArrayEquals(new Object[]{invis2, invis}, myOverridden.specialActions.toArray());
        Assertions.assertArrayEquals(new Object[]{invis2, invis}, myOverridden.getActions().toArray());
    }
}
```",NO,,,,,,
